{"Albania":{"allowed":true},"Algeria":{"allowed":true},"Angola":{"allowed":true},"Argentina":{"allowed":true},"Armenia":{"allowed":true},"Australia":{"allowed":false},"Austria":{"allowed":false},"Azerbaijan":{"allowed":true},"Bangladesh":{"allowed":true},"Belarus":{"allowed":true},"Belgium":{"allowed":false},"Belize":{"allowed":true},"Benin":{"allowed":true},"Bhutan":{"allowed":true},"Bolivia":{"allowed":true},"Bosnia and Herzegovina":{"allowed":true},"Botswana":{"allowed":true},"Brazil":{"allowed":true},"Bulgaria":{"allowed":true},"Burkina Faso":{"allowed":true},"Burundi":{"allowed":true},"Cameroon":{"allowed":true},"Canada":{"allowed":false},"Central African Republic":{"allowed":true},"Chad":{"allowed":true},"Chile":{"allowed":true},"China":{"allowed":true},"Colombia":{"allowed":true},"Comoros":{"allowed":true},"Costa Rica":{"allowed":true},"Croatia":{"allowed":true},"Cyprus":{"allowed":false},"Czech Republic":{"allowed":false},"Denmark":{"allowed":false},"Djibouti":{"allowed":true},"Dominican Republic":{"allowed":true},"DR Congo":{"allowed":true},"Ecuador":{"allowed":true},"Egypt":{"allowed":true},"El Salvador":{"allowed":true},"Estonia":{"allowed":false},"Eswatini":{"allowed":true},"Ethiopia":{"allowed":true},"Fiji":{"allowed":true},"Finland":{"allowed":false},"France":{"allowed":false},"Gabon":{"allowed":true},"Gambia":{"allowed":true},"Georgia":{"allowed":true},"Germany":{"allowed":false},"Ghana":{"allowed":true},"Greece":{"allowed":true},"Guatemala":{"allowed":true},"Guinea":{"allowed":true},"Guinea-Bissau":{"allowed":true},"Guyana":{"allowed":true},"Haiti":{"allowed":true},"Honduras":{"allowed":true},"Hungary":{"allowed":true},"Iceland":{"allowed":false},"India":{"allowed":true},"Iran":{"allowed":true},"Iraq":{"allowed":true},"Ireland":{"allowed":false},"Israel":{"allowed":false},"Italy":{"allowed":false},"Ivory Coast":{"allowed":true},"Jamaica":{"allowed":true},"Japan":{"allowed":false},"Jordan":{"allowed":true},"Kazakhstan":{"allowed":true},"Kenya":{"allowed":true},"Kiribati":{"allowed":true},"Kyrgyzstan":{"allowed":true},"Laos":{"allowed":true},"Latvia":{"allowed":true},"Lebanon":{"allowed":true},"Lesotho":{"allowed":true},"Liberia":{"allowed":true},"Lithuania":{"allowed":true},"Luxembourg":{"allowed":false},"Madagascar":{"allowed":true},"Malawi":{"allowed":true},"Malaysia":{"allowed":true},"Maldives":{"allowed":true},"Mali":{"allowed":true},"Malta":{"allowed":false},"Mauritania":{"allowed":true},"Mauritius":{"allowed":true},"Mexico":{"allowed":true},"Micronesia":{"allowed":true},"Moldova":{"allowed":true},"Mongolia":{"allowed":true},"Montenegro":{"allowed":true},"Morocco":{"allowed":true},"Mozambique":{"allowed":true},"Myanmar":{"allowed":true},"Namibia":{"allowed":true},"Nepal":{"allowed":true},"Netherlands":{"allowed":false},"Nicaragua":{"allowed":true},"Niger":{"allowed":true},"Nigeria":{"allowed":true},"North Macedonia":{"allowed":true},"Norway":{"allowed":false},"Pakistan":{"allowed":true},"Panama":{"allowed":true},"Papua New Guinea":{"allowed":true},"Paraguay":{"allowed":true},"Peru":{"allowed":true},"Philippines":{"allowed":true},"Poland":{"allowed":true},"Portugal":{"allowed":true},"Republic of the Congo":{"allowed":true},"Romania":{"allowed":true},"Russia":{"allowed":true},"Rwanda":{"allowed":true},"Saint Lucia":{"allowed":true},"Samoa":{"allowed":true},"Sao Tome and Principe":{"allowed":true},"Senegal":{"allowed":true},"Serbia":{"allowed":true},"Seychelles":{"allowed":true},"Sierra Leone":{"allowed":true},"Slovakia":{"allowed":true},"Slovenia":{"allowed":false},"Solomon Islands":{"allowed":true},"South Africa":{"allowed":true},"South Korea":{"allowed":false},"South Sudan":{"allowed":true},"Spain":{"allowed":false},"Sri Lanka":{"allowed":true},"Sudan":{"allowed":true},"Suriname":{"allowed":true},"Sweden":{"allowed":false},"Switzerland":{"allowed":false},"Syria":{"allowed":true},"Taiwan":{"allowed":false},"Tajikistan":{"allowed":true},"Tanzania":{"allowed":true},"Thailand":{"allowed":true},"Timor-Leste":{"allowed":true},"Togo":{"allowed":true},"Tonga":{"allowed":true},"Trinidad and Tobago":{"allowed":true},"Tunisia":{"allowed":true},"Turkey":{"allowed":true},"Turkmenistan":{"allowed":true},"Tuvalu":{"allowed":true},"Uganda":{"allowed":true},"Ukraine":{"allowed":true},"United Arab Emirates":{"allowed":false},"United Kingdom":{"allowed":false},"United States":{"allowed":false},"Uruguay":{"allowed":true},"Uzbekistan":{"allowed":true},"Vanuatu":{"allowed":true},"Venezuela":{"allowed":true},"Vietnam":{"allowed":true},"Yemen":{"allowed":true},"Zambia":{"allowed":true},"Zimbabwe":{"allowed":true}}