{"options":{"check_for_updates":true,"user_modified":null,"comment":null,"compatopts_for_requires":true,"compat_wrappedjsobject":false,"compat_metadata":false,"compat_foreach":false,"compat_powerful_this":null,"sandbox":null,"noframes":null,"unwrap":null,"run_at":null,"tab_types":null,"override":{"use_includes":[],"orig_includes":["http://space.bilibili.com/*","https://space.bilibili.com/*"],"merge_includes":true,"use_matches":[],"orig_matches":[],"merge_matches":true,"use_excludes":[],"orig_excludes":[],"merge_excludes":true,"use_connects":[],"orig_connects":["api.bilibili.com"],"merge_connects":true,"use_blockers":[],"orig_run_at":"document-idle","orig_noframes":null}},"settings":{"enabled":false,"position":16},"meta":{"name":"[Bilibili] 关注管理器","uuid":"010b5fc9-b040-4cbc-a137-e2f6d2b07b8c","modified":1708497263769,"file_url":"https://update.greasyfork.org/scripts/428895/%5BBilibili%5D%20%E5%85%B3%E6%B3%A8%E7%AE%A1%E7%90%86%E5%99%A8.user.js"}}