{"options":{"check_for_updates":true,"user_modified":null,"comment":null,"compatopts_for_requires":true,"compat_wrappedjsobject":false,"compat_metadata":false,"compat_foreach":false,"compat_powerful_this":null,"sandbox":null,"noframes":null,"unwrap":null,"run_at":null,"tab_types":null,"override":{"use_includes":[],"orig_includes":[],"merge_includes":true,"use_matches":[],"orig_matches":["*://*.bilibili.com/video/*","*://*.bilibili.com/bangumi/*","*://*.bilibili.com/read/*"],"merge_matches":true,"use_excludes":[],"orig_excludes":[],"merge_excludes":true,"use_connects":[],"orig_connects":[],"merge_connects":true,"use_blockers":[],"orig_run_at":"document-start","orig_noframes":null}},"settings":{"enabled":false,"position":23},"meta":{"name":"bilbili界面美化","uuid":"6a0e8471-dc15-41e2-b9f7-f2d3564295a8","modified":1706026412397,"file_url":"https://update.greasyfork.org/scripts/476704/bilbili%E7%95%8C%E9%9D%A2%E7%BE%8E%E5%8C%96.user.js"}}