{"ts":1709629244146,"data":{"bilibili-app-recommend.settings":"o{\"accessKey\": \"62aaad9fb0e85e90d385b09e348e5132\",\"accessKeyExpireAt\": 1725180548253,\"useNarrowMode\": false,\"pureRecommend\": true,\"appApiDecice\": \"ipad\",\"showModalFeedOnLoad\": false,\"showModalFeedEntry\": true,\"modalFeedFullScreen\": false,\"autoPreviewWhenKeyboardSelect\": false,\"autoPreviewUpdateInterval\": 400,\"autoPreviewWhenHover\": false,\"theme\": \"china_ink\",\"colorPickerThemeSelectedColor\": \"\",\"shuffleForWatchLater\": true,\"addSeparatorForWatchLater\": true,\"shuffleForFav\": true,\"excludeFavFolderIds\": [],\"addSeparatorForFav\": true,\"anonymousForPopularGeneral\": false,\"shuffleForPopularWeekly\": false,\"filterEnabled\": true,\"filterMinPlayCountEnabled\": true,\"filterMinPlayCount\": 10000,\"filterMinDurationEnabled\": false,\"filterMinDuration\": 60,\"enableFilterForFollowedVideo\": false,\"filterOutGotoTypePicture\": false,\"enableFilterForFollowedPicture\": false,\"styleFancy\": true,\"styleUseStandardVideoSourceTab\": true,\"styleUseStickyTabbarInPureRecommend\": true,\"backupSettingsToArticleDraft\": false,\"openVideoInPopupWhenClick\": true,\"openVideoAutoFullscreen\": false,\"hidingTabKeys\": [],\"customTabKeysOrder\": []}"}}