{"options":{"check_for_updates":true,"user_modified":null,"comment":null,"compatopts_for_requires":true,"compat_wrappedjsobject":false,"compat_metadata":false,"compat_foreach":false,"compat_powerful_this":null,"sandbox":null,"noframes":null,"unwrap":null,"run_at":null,"tab_types":null,"override":{"use_includes":[],"orig_includes":[],"merge_includes":true,"use_matches":[],"orig_matches":["https://www.bilibili.com/","https://www.bilibili.com/?*","https://www.bilibili.com/index.html","https://www.bilibili.com/index.html?*","https://www.bilibili.com/video/*","https://www.bilibili.com/list/watchlater?*"],"merge_matches":true,"use_excludes":[],"orig_excludes":[],"merge_excludes":true,"use_connects":[],"orig_connects":["app.bilibili.com","passport.bilibili.com"],"merge_connects":true,"use_blockers":[],"orig_run_at":"document-idle","orig_noframes":null}},"settings":{"enabled":true,"position":22},"meta":{"name":"bilibili-app-recommend","uuid":"7f125bf5-19f8-4117-9b99-964c26d451aa","modified":1710825446103,"file_url":"https://update.greasyfork.org/scripts/443530/bilibili-app-recommend.user.js"}}