{"ts":1709627529350,"data":{"xzsx_bilibili_detector":"s{\"blackList\":{\"原神\":\"基于成分\",\"明日方舟\":\"基于成分\",\"王者荣耀\":\"基于成分\",\"用户昵称\":\"基于昵称\"},\"detect\":{\"明日方舟\":{\"color\":\"#73ff00\",\"keywords\":[\"明日方舟\",\"Wan顽子\"],\"antikeywords\":[\"粥÷\",\"粥畜\"]},\"战双帕弥什\":{\"color\":\"#f50000\",\"keywords\":[\"战双帕弥什\"],\"antikeywords\":[\"双畜\"]},\"崩坏3\":{\"color\":\"#8000ff\",\"keywords\":[\"崩坏3第一偶像爱酱\"],\"antikeywords\":[\"幻官\"]},\"Asoul\":{\"color\":\"#000000\",\"keywords\":[\"A-SOUL_Official\",\"嘉然今天吃什么\",\"向晚大魔王\",\"贝拉kira\",\"乃琳Queen\",\"顶碗人\",\"音乐珈\",\"奶淇淋\",\"贝极星\"],\"antikeywords\":[\"A畜\"]},\"幻塔\":{\"color\":\"#66dbd9\",\"keywords\":[\"幻塔\"],\"antikeywords\":[\"幻官\"]},\"棺人痴\":{\"color\":\"#fed06c\",\"keywords\":[\"東雪蓮Official\",\"東雪蓮\",\"东雪莲\",\"棺人痴\"],\"antikeywords\":[\"眠大佐\"]},\"原批\":{\"color\":\"#000000\",\"keywords\":[\"原神\",\"莴苣某人\",\"你的影月月\"],\"antikeywords\":[\"原P\",\"原批\"]},\"农批\":{\"color\":\"#ff00f7\",\"keywords\":[\"王者荣耀\",\"AG超玩会王者荣耀梦泪\"],\"antikeywords\":[\"农P\",\"农批\"]}}}","xzsx_bilibili_detector_state":"s{\"MODE\":\"自动\",\"DET\":true,\"DEL\":false,\"DEL_STYLE\":\"消息屏蔽\",\"TAG_MAX_LENGTH\":20,\"INTERVAL\":0,\"LIMIT_EVENT\":10,\"DET_BASE_MedalWall\":true,\"DET_BASE_FOLLOWINGS\":true,\"DET_BASE_VIDEOS\":true,\"DET_BASE_DYNAMIC\":true,\"DET_BASE_COMMENT\":true}"}}