{"options":{"check_for_updates":true,"user_modified":null,"comment":null,"compatopts_for_requires":true,"compat_wrappedjsobject":false,"compat_metadata":false,"compat_foreach":false,"compat_powerful_this":null,"sandbox":null,"noframes":null,"unwrap":null,"run_at":null,"tab_types":null,"override":{"use_includes":[],"orig_includes":[],"merge_includes":true,"use_matches":[],"orig_matches":["*://www.bilibili.com/video/*","*://www.bilibili.com/festival/*","*://www.bilibili.com/read/*","*://www.bilibili.com/blackboard/*","*://www.bilibili.com/list/watchlater*","*://www.bilibili.com/list/ml*","*://www.bilibili.com/v/topic/*","*://www.bilibili.com/bangumi/*","*://www.bilibili.com/opus/*","*://t.bilibili.com/*","*://space.bilibili.com/*/dynamic*","*://live.bilibili.com/*","*//live.bilibili.com/blanc/*?liteVersion=*"],"merge_matches":true,"use_excludes":[],"orig_excludes":["*://www.bilibili.com/video/online.html*","*://www.bilibili.com/","*://live.bilibili.com/p/*","*//t.bilibili.com/h5/dynamic/*"],"merge_excludes":true,"use_connects":[],"orig_connects":["bilibili.com"],"merge_connects":true,"use_blockers":[],"orig_run_at":"document-end","orig_noframes":true}},"settings":{"enabled":false,"position":15},"meta":{"name":"Bilibili评论成分识别&屏蔽","uuid":"464b571c-b29a-468d-969e-01881ed3254d","modified":1695695159889,"file_url":"https://greasyfork.org/scripts/451421-bilibili%E8%AF%84%E8%AE%BA%E6%88%90%E5%88%86%E8%AF%86%E5%88%AB-%E5%B1%8F%E8%94%BD/code/Bilibili%E8%AF%84%E8%AE%BA%E6%88%90%E5%88%86%E8%AF%86%E5%88%AB%E5%B1%8F%E8%94%BD.user.js"}}