{"options":{"check_for_updates":true,"user_modified":null,"comment":null,"compatopts_for_requires":true,"compat_wrappedjsobject":false,"compat_metadata":false,"compat_foreach":false,"compat_powerful_this":null,"sandbox":null,"noframes":null,"unwrap":null,"run_at":null,"tab_types":null,"override":{"use_includes":[],"orig_includes":[],"merge_includes":true,"use_matches":[],"orig_matches":["*://*.bilibili.com/*"],"merge_matches":true,"use_excludes":[],"orig_excludes":["*://member.bilibili.com*"],"merge_excludes":true,"use_connects":[],"orig_connects":[],"merge_connects":true,"use_blockers":[],"orig_run_at":"document-body","orig_noframes":null}},"settings":{"enabled":false,"position":24},"meta":{"name":"B站评论区开盒","uuid":"998f9fc1-9c96-4a47-8fe0-a51a5677348c","modified":1709034080062,"file_url":"https://update.greasyfork.org/scripts/448434/B%E7%AB%99%E8%AF%84%E8%AE%BA%E5%8C%BA%E5%BC%80%E7%9B%92.user.js"}}