{"options":{"check_for_updates":true,"user_modified":null,"comment":null,"compatopts_for_requires":true,"compat_wrappedjsobject":false,"compat_metadata":false,"compat_foreach":false,"compat_powerful_this":null,"sandbox":null,"noframes":null,"unwrap":null,"run_at":null,"tab_types":null,"override":{"use_includes":[],"orig_includes":["*://*.google.*/search*"],"merge_includes":true,"use_matches":[],"orig_matches":["*://www.baidu.com/*","*://image.baidu.com/search*","*://kaifa.baidu.com/searchPage*","*://*.bing.com/*search*","*://duckduckgo.com/*","*://*.sogou.com/*","*://www.wuzhuiso.com/s*","*://www.so.com/s*","*://image.so.com/*","*://so.toutiao.com/search*","*://yandex.com/*search*","*://yandex.ru/*search*","*://www.ecosia.org/*","*://*.search.yahoo.com/search*","*://you.com/search*","*://www.startpage.com/*","*://search.brave.com/*","*://yep.com/*","*://swisscows.com/*"],"merge_matches":true,"use_excludes":[],"orig_excludes":["*://www.google.com/sorry*","*://www.baidu.com/link*","*://www.sogou.com/link*","*://www.so.com/link*","*://so.toutiao.com/search/jump*"],"merge_excludes":true,"use_connects":[],"orig_connects":["baidu.com","bing.com","sogou.com","so.com","search.yahoo.com","greasyfork.org","openuserjs.org","githubusercontent.com","favicon.yandex.net"],"merge_connects":true,"use_blockers":[],"orig_run_at":"document-start","orig_noframes":null}},"settings":{"enabled":true,"position":2},"meta":{"name":"Google & baidu Switcher (ALL in One)","uuid":"40e97a27-8651-465a-b9ea-95ffb5a921a8","modified":1709623299769,"file_url":"https://github.com/F9y4ng/GreasyFork-Scripts/raw/master/Google%20%26%20Baidu%20Switcher.user.js"}}