{"options":{"check_for_updates":true,"user_modified":null,"comment":null,"compatopts_for_requires":true,"compat_wrappedjsobject":false,"compat_metadata":false,"compat_foreach":false,"compat_powerful_this":null,"sandbox":null,"noframes":null,"unwrap":null,"run_at":null,"tab_types":null,"override":{"use_includes":[],"orig_includes":["http*://www.google.*/*","http*://www.google.co*.*/*","http*://news.google.*/*","http*://encrypted.google.*/*","http*://startpage.com/*","http*://*.startpage.com/*","http*://duckduckgo.com/*","http*://start.duckduckgo.com/*","http*://safe.duckduckgo.com/*","http*://3g2upl4pq6kufc4m.onion/*","http*://www.bing.com/*","http*://*search.yahoo.com/*","http*://search.yahoo.co.jp/*","http*://www.yandex.com/*","http*://yandex.com/*","http*://searx.*/*","http*://www.qwant.com/*","http*://www.qwantjunior.com/*","http*://www.baidu.com/*","https://www.ecosia.org/search*"],"merge_includes":true,"use_matches":[],"orig_matches":[],"merge_matches":true,"use_excludes":[],"orig_excludes":["http*://www.google.com/recaptcha/*","https://www.startpage.com/*/ads?*"],"merge_excludes":true,"use_connects":[],"orig_connects":[],"merge_connects":true,"use_blockers":[],"orig_run_at":"document-idle","orig_noframes":null}},"settings":{"enabled":false,"position":3},"meta":{"name":"Google Hit Hider by Domain (Search Filter / Block Sites)","uuid":"1341a84d-86ed-44d2-b930-d108bfa8dcc4","modified":1692554344131,"file_url":"https://greasyfork.org/scripts/1682-google-hit-hider-by-domain-search-filter-block-sites/code/Google%20Hit%20Hider%20by%20Domain%20(Search%20Filter%20%20Block%20Sites).user.js"}}