{"options":{"check_for_updates":true,"user_modified":null,"comment":null,"compatopts_for_requires":true,"compat_wrappedjsobject":false,"compat_metadata":false,"compat_foreach":false,"compat_powerful_this":null,"sandbox":null,"noframes":null,"unwrap":null,"run_at":null,"tab_types":null,"override":{"use_includes":[],"orig_includes":[],"merge_includes":true,"use_matches":[],"orig_matches":["https://greasyfork.org/*","https://sleazyfork.org/*"],"merge_matches":true,"use_excludes":[],"orig_excludes":[],"merge_excludes":true,"use_connects":[],"orig_connects":[],"merge_connects":true,"use_blockers":[],"orig_run_at":"document-start","orig_noframes":null}},"settings":{"enabled":true,"position":18},"meta":{"name":"Greasyfork Beautify","uuid":"f2d1d1b9-cf07-4df7-845f-d7f9fed088bd","modified":1695695214599,"file_url":"https://greasyfork.org/scripts/446849-greasyfork-beautify/code/Greasyfork%20Beautify.user.js"}}