{"options":{"check_for_updates":true,"user_modified":null,"comment":null,"compatopts_for_requires":true,"compat_wrappedjsobject":false,"compat_metadata":false,"compat_foreach":false,"compat_powerful_this":null,"sandbox":null,"noframes":null,"unwrap":null,"run_at":null,"tab_types":null,"override":{"use_includes":[],"orig_includes":["http*://www.pixiv.net*"],"merge_includes":true,"use_matches":[],"orig_matches":["http://www.pixiv.net/"],"merge_matches":true,"use_excludes":[],"orig_excludes":[],"merge_excludes":true,"use_connects":[],"orig_connects":["i.pximg.net","i-f.pximg.net","i-cf.pximg.net"],"merge_connects":true,"use_blockers":[],"orig_run_at":"document-end","orig_noframes":true}},"settings":{"enabled":false,"position":8},"meta":{"name":"Pixiv Plus","uuid":"4f0caec2-41e0-4945-a7bf-aa80e1450cf9","modified":1694166578531,"file_url":"https://greasyfork.org/scripts/34153-pixiv-plus/code/Pixiv%20Plus.user.js"}}