{"ts":1711079539614,"data":{"allconfig":"o{\"baidu\": {\"baidumenu\": true,\"baidulogo\": true,\"baidulianjie\": true,\"baiduhot\": true,\"baidueye\": false,\"baiducss\": false,\"baidutbq\": true,\"baidujdq\": true,\"kgbaidued\": true,\"kgbaiduad\": true,\"kggoogleed\": true,\"kggooglead\": true,\"kg360ed\": true,\"kg360ad\": true,\"kgbinged\": true,\"kgbingad\": true,\"kgtwied\": true,\"kgtwimv\": true,\"kgtwiad\": true,\"kgyoued\": true,\"kgyoumv\": true,\"kgyouad\": true,\"kgweixined\": true,\"kgweixinad\": true,\"kgdoubaned\": true,\"kgdoubanad\": true,\"kgzhihued\": true,\"kgzhihuad\": true,\"kgbilied\": true,\"kgbiliad\": true,\"kgweiboed\": true,\"kgweiboad\": true,\"kgweibomv\": true,\"kgpingbis\": false,\"Proactivelyads\": false,\"kgpingbiiframe\": false,\"addkwssbutton\": true,\"addssbutton\": true,\"baidueyecolor\": \"rgba(204,232,207,1)\"},\"google\": {},\"so360\": {},\"pingbiurl\": [],\"whiteurl\": [],\"pingbikw\": []}","allconfigtime":"n1661760210","gogoxvideodown":"shttps://www.youtube.com/watch?v=erS5GLBFKd0&t=238s&ab_channel=%E5%8D%8E%E5%A4%8F%E9%BB%8E%E5%BA%B6","hasRunkgpingbisBefore":"btrue","zkdz_name":"sbaiduga"}}