{"options":{"check_for_updates":true,"user_modified":null,"comment":null,"compatopts_for_requires":true,"compat_wrappedjsobject":false,"compat_metadata":false,"compat_foreach":false,"compat_powerful_this":null,"sandbox":null,"noframes":null,"unwrap":null,"run_at":null,"tab_types":null,"override":{"use_includes":[],"orig_includes":[],"merge_includes":true,"use_matches":[],"orig_matches":["*://*.onlinedown.net/*","*://*.cr173.com/*","*://*.xiazaiba.com/*","*://*.mydown.com/*","*://*.pc6.com/*","*://*.zol.com.cn/*","*://*.pconline.com.cn/*","*://*.jb51.net/*","*://*.cncrk.com/*","*://pc.qq.com/*","*://*.crsky.com/*","*://*.duote.com/*","*://*.downza.cn/*","*://*.yesky.com/*","*://*.ddooo.com/*","*://*.pchome.net/*","*://*.xpgod.com/*","*://*.52z.com/*","*://*.opdown.com/*","*://*.newday.me/*","*://*.likestyle.cn/*"],"merge_matches":true,"use_excludes":[],"orig_excludes":[],"merge_excludes":true,"use_connects":[],"orig_connects":["newday.me","likestyle.cn"],"merge_connects":true,"use_blockers":[],"orig_run_at":"document-start","orig_noframes":null}},"settings":{"enabled":false,"position":17},"meta":{"name":"下载卫士","uuid":"483c43ca-053e-4fba-8087-263f61b63a53","modified":1695695195648,"file_url":"https://greasyfork.org/scripts/380918-%E4%B8%8B%E8%BD%BD%E5%8D%AB%E5%A3%AB/code/%E4%B8%8B%E8%BD%BD%E5%8D%AB%E5%A3%AB.user.js"}}