{"options":{"check_for_updates":true,"user_modified":null,"comment":null,"compatopts_for_requires":true,"compat_wrappedjsobject":false,"compat_metadata":false,"compat_foreach":false,"compat_powerful_this":null,"sandbox":null,"noframes":null,"unwrap":null,"run_at":null,"tab_types":null,"override":{"use_includes":[],"orig_includes":[],"merge_includes":true,"use_matches":[],"orig_matches":["https://space.bilibili.com/*"],"merge_matches":true,"use_excludes":[],"orig_excludes":[],"merge_excludes":true,"use_connects":[],"orig_connects":["biliplus.com"],"merge_connects":true,"use_blockers":[],"orig_run_at":"document-idle","orig_noframes":null}},"settings":{"enabled":true,"position":21},"meta":{"name":"哔哩哔哩(B站|Bilibili)收藏夹Fix","uuid":"025e2676-d940-46d7-aea1-d21ced38c0e3","modified":1696423074582,"file_url":"https://greasyfork.org/scripts/383143-%E5%93%94%E5%93%A9%E5%93%94%E5%93%A9-b%E7%AB%99-bilibili-%E6%94%B6%E8%97%8F%E5%A4%B9fix/code/%E5%93%94%E5%93%A9%E5%93%94%E5%93%A9(B%E7%AB%99%7CBilibili)%E6%94%B6%E8%97%8F%E5%A4%B9Fix.user.js"}}