{"options":{"check_for_updates":true,"user_modified":null,"comment":null,"compatopts_for_requires":true,"compat_wrappedjsobject":false,"compat_metadata":false,"compat_foreach":false,"compat_powerful_this":null,"sandbox":null,"noframes":null,"unwrap":null,"run_at":null,"tab_types":null,"override":{"use_includes":[],"orig_includes":[],"merge_includes":true,"use_matches":[],"orig_matches":["https://book.douban.com/subject*"],"merge_matches":true,"use_excludes":[],"orig_excludes":[],"merge_excludes":true,"use_connects":["*"],"orig_connects":["*"],"merge_connects":true,"use_blockers":[],"orig_run_at":"document-end","orig_noframes":null}},"settings":{"enabled":true,"position":13},"meta":{"name":"我只想好好看书","uuid":"86b5beaa-2087-4fb4-94cc-624ce2f105a3","modified":1693496512214,"file_url":"https://greasyfork.org/scripts/461293-%E6%88%91%E5%8F%AA%E6%83%B3%E5%A5%BD%E5%A5%BD%E7%9C%8B%E4%B9%A6/code/%E6%88%91%E5%8F%AA%E6%83%B3%E5%A5%BD%E5%A5%BD%E7%9C%8B%E4%B9%A6.user.js"}}