{"options":{"check_for_updates":true,"user_modified":null,"comment":null,"compatopts_for_requires":true,"compat_wrappedjsobject":false,"compat_metadata":false,"compat_foreach":false,"compat_powerful_this":null,"sandbox":null,"noframes":null,"unwrap":null,"run_at":null,"tab_types":null,"override":{"use_includes":[],"orig_includes":[],"merge_includes":true,"use_matches":[],"orig_matches":["*://*/*"],"merge_matches":true,"use_excludes":[],"orig_excludes":["/^http(s|):\\/\\/s1\\.hdslb\\.com\\/.*$/","/^http(s|):\\/\\/www\\.bilibili\\.com\\/video.*$/","/^http(s|):\\/\\/message\\.bilibili\\.com\\/.*$/","/^http(s|):\\/\\/live\\.bilibili\\.com\\/.*$/","/^http(s|):\\/\\/.*\\.mail\\.qq\\.com\\/.*$/","/^http(s|):\\/\\/.*video\\.qq\\.com\\/.*$/","/^http(s|):\\/\\/.*\\.vscode-cdn\\.net\\/.*$/","/^http(s|):\\/\\/.*vscode\\.dev\\/.*$/","/^http(s|):\\/\\/cloudgame\\.ds\\.163\\.com\\/.*$/","/^http(s|):\\/\\/cloudgame\\.webapp\\.163\\.com\\/.*$/","/^http(s|):\\/\\/cg\\.163\\.com\\/.*$/"],"merge_excludes":true,"use_connects":[],"orig_connects":["*","lanzoub.com","lanzouc.com","lanzoue.com","lanzouf.com","lanzoug.com","lanzouh.com","lanzoui.com","lanzouj.com","lanzouk.com","lanzoul.com","lanzoum.com","lanzouo.com","lanzoup.com","lanzouq.com","lanzous.com","lanzout.com","lanzouu.com","lanzouv.com","lanzouw.com","lanzoux.com","lanzouy.com","lanosso.com","lanzn.com","lanzog.com","lanpw.com","lanpv.com","lanzv.com","wwentua.com","ilanzou.com","189.cn","123pan.com","123pan.cn","wenshushu.cn","jianguoyun.com","cowtransfer.com","cowcs.com","aliyundrive.com","baidu.com","139.com","weiyun.com","xunlei.com","115.com","quark.cn","jianguoyun.com","uc.cn","ctfile.com","sharepoint.com"],"merge_connects":true,"use_blockers":[],"orig_run_at":"document-end","orig_noframes":null}},"settings":{"enabled":true,"position":14},"meta":{"name":"网盘链接识别","uuid":"cd204cd9-936e-4473-b4c1-7de69a3acc9d","modified":1710825445861,"file_url":"https://update.greasyfork.org/scripts/445489/%E7%BD%91%E7%9B%98%E9%93%BE%E6%8E%A5%E8%AF%86%E5%88%AB.user.js"}}