{"options":{"check_for_updates":true,"user_modified":null,"comment":null,"compatopts_for_requires":true,"compat_wrappedjsobject":false,"compat_metadata":false,"compat_foreach":false,"compat_powerful_this":null,"sandbox":null,"noframes":null,"unwrap":null,"run_at":null,"tab_types":null,"override":{"use_includes":[],"orig_includes":["/^https:\\/\\/www\\.google\\..{2,7}search/","/^https:\\/\\/blog\\.csdn\\.net\\/(\\w|-)+\\/article\\/details\\//"],"merge_includes":true,"use_matches":[],"orig_matches":["https://bcy.net/item/detail/*","https://mp.weixin.qq.com/s*","https://zhuanlan.zhihu.com/p/*","https://www.zhihu.com/question/*","https://www.zhihu.com/","https://www.zhihu.com/follow","https://www.zhihu.com/hot*","https://www.zhihu.com/topic*","https://juejin.cn/post/*","https://www.jianshu.com/p/*","https://www.baidu.com/s*","https://www.baidu.com/?*","https://www.baidu.com/","https://www.sogou.com/web*","https://tieba.baidu.com/p/*","https://tieba.baidu.com/f?*","https://segmentfault.com/a/*","https://segmentfault.com/q/*","https://www.bilibili.com/read/cv*","https://t.bilibili.com/*","https://space.bilibili.com/*","https://www.weibo.com/*","https://weibo.com/*","https://d.weibo.com/*","https://www.douban.com/gallery/*","https://www.douban.com/note/*","https://movie.douban.com/subject/*","https://movie.douban.com/review/*","https://www.toutiao.com/*","https://crates.io/crates/*","https://bbs.mihoyo.com/*"],"merge_matches":true,"use_excludes":[],"orig_excludes":[],"merge_excludes":true,"use_connects":[],"orig_connects":[],"merge_connects":true,"use_blockers":[],"orig_run_at":"document-start","orig_noframes":true}},"settings":{"enabled":true,"position":1},"meta":{"name":"网页宽屏","uuid":"7700064d-f484-4654-b0e0-cfbafcbdf23e","modified":1692407972690,"file_url":"https://greasyfork.org/scripts/411260-%E7%BD%91%E9%A1%B5%E5%AE%BD%E5%B1%8F/code/%E7%BD%91%E9%A1%B5%E5%AE%BD%E5%B1%8F.user.js"}}