{"options":{"check_for_updates":true,"user_modified":null,"comment":null,"compatopts_for_requires":true,"compat_wrappedjsobject":false,"compat_metadata":false,"compat_foreach":false,"compat_powerful_this":null,"sandbox":null,"noframes":null,"unwrap":null,"run_at":null,"tab_types":null,"override":{"use_includes":[],"orig_includes":[],"merge_includes":true,"use_matches":[],"orig_matches":["*://*.csdn.net/*","*://*.jianshu.com/*","*://juejin.cn/*","*://*.zhihu.com/*","*://tieba.baidu.com/*","*://baijiahao.baidu.com/s*","*://mbd.baidu.com/newspage/data/*","*://news.baidu.com/news*","*://m.baidu.com/sf_baijiahao/*","*://view.inews.qq.com/*","*://m.sohu.com/a/*","*://m.v.qq.com/*","*://*.youku.com/*","*://*.iqiyi.com/*","*://haokan.baidu.com/*","*://*.1905.com/*","*://*.baidu.com/*","*://*.bilibili.com/*","*://3g.dxy.cn/*","*://www.cn-healthcare.com/*","*://*.sina.cn/*","*://m.weibo.cn/*","*://wap.eastmoney.com/*","*://mguba.eastmoney.com/*","*://*.ixigua.com/*","*://www.douyin.com/*","*://m.elecfans.com/*","*://app.people.cn/*","*://m.bjnews.com.cn/detail/*","*://*.guancha.cn/*","*://m.thepaper.cn/newsDetail_forward*","*://*.ifeng.com/*","*://m.163.com/*/article/*","*://m.163.com/v/video/*","*://3g.163.com/*/article/*","*://3g.163.com/v/video/*","*://m.toutiao.com/article/*","*://www.toutiao.com/article/*","*://mini.eastday.com/nsa/*","*://m.huxiu.com/*","*://m.hupu.com/*","*://m.douban.com/movie/subject/*","*://g.pconline.com.cn/*","*://m.zol.com.cn/*","*://wap.zol.com.cn/*","*://www.autohome.com.cn/*","*://*.m.autohome.com.cn/*","*://m.autohome.com.cn/*","*://m.pcauto.com.cn/*","*://www.taptap.cn/*","*://m.taptap.cn/*","*://m.ithome.com/*","*://www.360doc.com/content/*","*://www.oschina.net/*","*://developer.aliyun.com/article/*","*://huaweicloud.csdn.net/*","*://m.36kr.com/p/*","*://xueqiu.com/*","*://segmentfault.com/q/*","*://www.w3cschool.cn/*","*://m.tianyancha.com/*","*://*.zcool.com.cn/*","*://m.ximalaya.com/*","*://www.xiaohongshu.com/*","*://wap.cnki.net/*","*://www.zfrontier.com/*"],"merge_matches":true,"use_excludes":[],"orig_excludes":[],"merge_excludes":true,"use_connects":[],"orig_connects":[],"merge_connects":true,"use_blockers":[],"orig_run_at":"document-body","orig_noframes":null}},"settings":{"enabled":true,"position":12},"meta":{"name":"骚扰拦截","uuid":"796a2290-e5e5-4cbf-88eb-e4dbe184b52d","modified":1710393297213,"file_url":"https://update.greasyfork.org/scripts/440871/%E9%AA%9A%E6%89%B0%E6%8B%A6%E6%88%AA.user.js"}}