{"options":{"check_for_updates":true,"user_modified":null,"comment":null,"compatopts_for_requires":true,"compat_wrappedjsobject":false,"compat_metadata":false,"compat_foreach":false,"compat_powerful_this":null,"sandbox":null,"noframes":null,"unwrap":null,"run_at":null,"tab_types":null,"override":{"use_includes":[],"orig_includes":[],"merge_includes":true,"use_matches":[],"orig_matches":["https://weread.qq.com/*","https://chat.openai.com/*"],"merge_matches":true,"use_excludes":[],"orig_excludes":[],"merge_excludes":true,"use_connects":[],"orig_connects":[],"merge_connects":true,"use_blockers":[],"orig_run_at":"document-end","orig_noframes":null}},"settings":{"enabled":true,"position":19},"meta":{"name":"📘微信读书阅读助手","uuid":"6b6d2f9e-a3bf-4725-9b44-fb66aac6342f","modified":1709627254517,"file_url":"https://update.greasyfork.org/scripts/420774/%F0%9F%93%98%E5%BE%AE%E4%BF%A1%E8%AF%BB%E4%B9%A6%E9%98%85%E8%AF%BB%E5%8A%A9%E6%89%8B.user.js"}}