{"options":{"check_for_updates":true,"user_modified":null,"comment":null,"compatopts_for_requires":true,"compat_wrappedjsobject":false,"compat_metadata":false,"compat_foreach":false,"compat_powerful_this":null,"sandbox":null,"noframes":null,"unwrap":null,"run_at":null,"tab_types":null,"override":{"use_includes":[],"orig_includes":[],"merge_includes":true,"use_matches":[],"orig_matches":["*://wenku.baidu.com/view/*","*://wenku.baidu.com/share/*","*://wenku.baidu.com/link*","*://wenku.baidu.com/aggs/*","*://wenku.baidu.com/ndPureView/*","*://www.51test.net/show/*","*://www.xuexi.la/*","*://www.xuexila.com/*","*://www.cspengbo.com/*","*://*.doc88.com/*","*://segmentfault.com/*","*://wk.baidu.com/view/*","*://leetcode-cn.com/problems/*","*://*.zhihu.com/*","*://z.30edu.com.cn/*","*://docs.qq.com/doc/*","*://docs.qq.com/sheet/*","*://boke112.com/post/*","*://*.yuque.com/*","*://www.commandlinux.com/*","*://*.diyifanwen.com/*","*://*.mbalib.com/*","*://*.cnitpm.com/*","*://bbs.mihoyo.com/ys/*","*://*.ruiwen.com/*","*://www.uemeds.cn/*","*://www.oh100.com/*","*://www.aiyuke.com/news/*","*://www.fwsir.com/*","*://www.wenxm.cn/*","*://www.unjs.com/*","*://www.ahsrst.cn/*","*://*.yjbys.com/*","*://*.qidian.com/*","*://*.zongheng.com/*","*://*.17k.com/*","*://*.ciweimao.com/*","*://book.qq.com/*","*://*.360doc.com/content/*","*://*.850500.com/news/*","*://utaten.com/lyric/*","*://*.jianbiaoku.com/*","*://*.kt250.com/*","*://www.kejudati.com/*","*://*.xiaohongshu.com/discovery/*","*://*.baibeike.com/*","*://*.blog.csdn.net/*","*://*.bilibili.com/read/*","*://*.cnki.net/KXReader/*","*://*.cnrencai.com/*","*://*.kodiplayer.cn/*","*://tongxiehui.net/*","*://*.jianshu.com/p/*","*://*.linovelib.com/novel/*","*://*.wjx.cn/*","*://*.wjx.top/*","*://*.chazidian.com/*","*://*.juejin.cn/post/*","*://*.zgbk.com/ecph/*","*://*.wenmi.com/article/*","*://yuedu.baidu.com/*","*://www.inrrp.com.cn/*","*://fanyi.baidu.com/mtpe/*","*://www.shubaoc.com/*","*://blog.51cto.com/*","*://www.ximalaya.com/*","*://*.tianqi.com/*","*://*.xiexiebang.com/*","*://*.docin.com/*","*://*.ddwk8.cn/*","*://*.php.cn/*","*://cooco.net.cn/*","*://fanqienovel.com/*","*://*.mobiletrain.org/*","*://*.examcoo.com/*","*://*.rrdynb.com/*","*://*.fuwu7.com/*","*://*.xiangqiqipu.com/*","*://note.youdao.com/*","*://*.163.com/*","*://*.aipiaxi.com/*","*://wenku.csdn.net/*","*://www.kdocs.cn/*","*://www.xiaoyuzhoufm.com/*"],"merge_matches":true,"use_excludes":[],"orig_excludes":[],"merge_excludes":true,"use_connects":[],"orig_connects":["res3.doc88.com"],"merge_connects":true,"use_blockers":[],"orig_run_at":"document-start","orig_noframes":null}},"settings":{"enabled":true,"position":10},"meta":{"name":"🔥🔥🔥文本选中复制🔥🔥🔥","uuid":"5cc854b2-1f51-45e5-8c7b-e9c7bdd0e958","modified":1710732070676,"file_url":"https://update.greasyfork.org/scripts/405130/%F0%9F%94%A5%F0%9F%94%A5%F0%9F%94%A5%E6%96%87%E6%9C%AC%E9%80%89%E4%B8%AD%E5%A4%8D%E5%88%B6%F0%9F%94%A5%F0%9F%94%A5%F0%9F%94%A5.user.js"}}